,horn_schunk_ssim,horn_schunk_psnr,multiscale_horn_schunk_ssim,multiscale_horn_schunk_psnr,lukas_kanade_ssim,lukas_kanade_psnr,multiscale_lukas_kanade_ssim,multiscale_lukas_kanade_psnr
0,0.8223033010007165,25.457195408405727,0.7427088254963173,21.62490323547189,0.7489754766695231,24.337194133758896,0.8206907609581994,26.93757566688015
2,0.8043253283069864,25.537604205841518,0.7317620625699574,22.06235284802313,0.6257463743923002,22.016979257198965,0.7842441732788861,25.93508813629571
4,0.828925293207914,25.83613863153738,0.7371782955989199,21.425315759681975,0.7284673329311221,23.756187451125506,0.8188563584388598,27.062076929565485
6,0.8097383152995982,25.69927231314304,0.743080244120454,22.015981435491266,0.629860494530991,22.680520317859095,0.8054279622653605,26.64510383966013
8,0.8266772365848729,26.104193076649516,0.7648121527389503,22.28039103050719,0.6149835020998414,22.789512617188628,0.8077275069185521,26.32228821859732
