,horn_schunk_ssim,horn_schunk_psnr,multiscale_horn_schunk_ssim,multiscale_horn_schunk_psnr,lukas_kanade_ssim,lukas_kanade_psnr,multiscale_lukas_kanade_ssim,multiscale_lukas_kanade_psnr
0,0.8223033010007165,25.457195408405727,0.766632997139285,22.425117041536303,0.7489754766695231,24.337194133758896,0.7933160905326585,26.01980530325593
2,0.8043253283069864,25.537604205841518,0.7511005034431919,22.129378785048253,0.6257463743923002,22.016979257198965,0.7581513430040581,24.849561138745706
4,0.828925293207914,25.83613863153738,0.7678773691086604,22.257560370347452,0.7284673329311221,23.756187451125506,0.7830142216365259,25.729335794307005
6,0.8097383152995982,25.69927231314304,0.7591656767041571,21.567143680735818,0.629860494530991,22.680520317859095,0.7716965225686875,25.659791198564204
8,0.8266772365848729,26.104193076649516,0.7814802880925705,22.311103139695682,0.6149835020998414,22.789512617188628,0.7628802586752943,25.342013163165475
