,horn_schunk_ssim,horn_schunk_psnr,multiscale_horn_schunk_ssim,multiscale_horn_schunk_psnr,lukas_kanade_ssim,lukas_kanade_psnr,multiscale_lukas_kanade_ssim,multiscale_lukas_kanade_psnr
0,0.8223033010007165,25.457195408405727,0.752574366293511,22.244642032945382,0.7489754766695231,24.337194133758896,0.8330522806926052,27.452113950261683
2,0.8043253283069864,25.537604205841518,0.7011462030598119,21.28068353073598,0.6257463743923002,22.016979257198965,0.7887213717423804,26.17447227735999
4,0.828925293207914,25.83613863153738,0.7197939239998759,21.012125535716557,0.7284673329311221,23.756187451125506,0.8353808512935711,27.27037802079629
6,0.8097383152995982,25.69927231314304,0.6983076325962077,20.981996812856245,0.629860494530991,22.680520317859095,0.820577827187075,26.619160595399812
8,0.8266772365848729,26.104193076649516,0.749631491864133,22.65321341172866,0.6149835020998414,22.789512617188628,0.83364361904663,26.88239837151486
