,horn_schunk_ssim,horn_schunk_psnr,multiscale_horn_schunk_ssim,multiscale_horn_schunk_psnr,lukas_kanade_ssim,lukas_kanade_psnr,multiscale_lukas_kanade_ssim,multiscale_lukas_kanade_psnr
2,0.8245502687852502,25.457195408405727,0.682902241795385,20.209470720829337,0.7436004769195669,24.337194133758896,0.8151188956261161,26.526826798293083
4,0.8044124264568128,25.537604205841518,0.5706933403487832,17.517915125140036,0.6229034537687562,22.016979257198965,0.7532804102327706,23.974738649853823
6,0.8191396267725439,25.83613863153738,0.6440285629164793,18.7049318566855,0.7151625967514583,23.756187451125506,0.7978149643893171,26.495767157382236
8,0.8083813546383798,25.69927231314304,0.5942165077683677,17.83733598957619,0.6176670186831413,22.680520317859095,0.7676885983640663,25.583589643396177
10,0.8194319331607126,26.104193076649516,0.6704467592769847,20.206201495195444,0.5996249875027108,22.789512617188628,0.7786437567545893,25.92956394610863
