,horn_schunk_ssim,horn_schunk_psnr,multiscale_horn_schunk_ssim,multiscale_horn_schunk_psnr,lukas_kanade_ssim,lukas_kanade_psnr,multiscale_lukas_kanade_ssim,multiscale_lukas_kanade_psnr
2,0.8245502687852502,25.457195408405727,0.7288783596181222,21.578367047877226,0.7436004769195669,24.337194133758896,0.7750469129920865,25.101784214034936
4,0.8044124264568128,25.537604205841518,0.7035044021820882,20.307147360979396,0.6229034537687562,22.016979257198965,0.7420425004668448,23.638554471591288
6,0.8191396267725439,25.83613863153738,0.7203843195972496,20.95947172701212,0.7151625967514583,23.756187451125506,0.7587605237568247,24.994427356441633
8,0.8083813546383798,25.69927231314304,0.6965034628792597,19.93022351976116,0.6176670186831413,22.680520317859095,0.7397951180022228,25.078394136007205
10,0.8194319331607126,26.104193076649516,0.7350427752660242,21.834539476628272,0.5996249875027108,22.789512617188628,0.7301796816837904,25.117357402121648
