,horn_schunk_ssim,horn_schunk_psnr,multiscale_horn_schunk_ssim,multiscale_horn_schunk_psnr,lukas_kanade_ssim,lukas_kanade_psnr,multiscale_lukas_kanade_ssim,multiscale_lukas_kanade_psnr
2,0.8245502687852502,25.457195408405727,0.6200630069292565,17.87314254026839,0.7436004769195669,24.337194133758896,0.8386519175194971,27.262564353077398
4,0.8044124264568128,25.537604205841518,0.40580038115220857,14.503945450095665,0.6229034537687562,22.016979257198965,0.7716865890442951,25.078847411252756
6,0.8191396267725439,25.83613863153738,0.583790146883978,16.796691215053347,0.7151625967514583,23.756187451125506,0.8227324309085347,27.380148235183512
8,0.8083813546383798,25.69927231314304,0.45335828392267774,15.564808013282864,0.6176670186831413,22.680520317859095,0.7863151636991065,25.91086979927652
10,0.8194319331607126,26.104193076649516,0.550079849567607,17.716304810531796,0.5996249875027108,22.789512617188628,0.7962259314024263,26.450285883041936
