,horn_schunk_ssim,horn_schunk_psnr,multiscale_horn_schunk_ssim,multiscale_horn_schunk_psnr,lukas_kanade_ssim,lukas_kanade_psnr,multiscale_lukas_kanade_ssim,multiscale_lukas_kanade_psnr
2,0.9936304787089912,40.76856070314954,0.9923087210286473,39.472455853894026,0.9806818461895866,36.83502587392259,0.9963240773893216,43.34724784229152
4,0.9936405227787755,40.81600542648129,0.9925564098220903,39.738905285580714,0.9807431540292747,36.86713572257909,0.9962856621000478,43.33741929259891
6,0.9935367484574067,40.778426750283224,0.9924388782634056,39.815000570780015,0.9807253754785867,36.817067973978,0.9962625228667816,43.29291938224551
8,0.9935973499357075,40.77466455773899,0.9924352389221024,39.82916866860801,0.9807901069964137,36.7684953209706,0.9963199132512639,43.31543477975535
10,0.9936829835845331,40.78436390435247,0.9924851837346833,39.81369396475115,0.9807091476689508,36.72240407592903,0.9963862194678982,43.34400795149982
12,0.993604556336506,40.72476657968793,0.9922342557961756,39.5615147864912,0.9805451383815308,36.691738052420824,0.9963234962960946,43.30020518351813
14,0.9935660234644741,40.69704898787707,0.9917342943980765,39.180901067709,0.9804325307025028,36.65151976521244,0.99624605500618,43.18020109824067
16,0.9932979888376693,40.576561233519996,0.9909467875388087,38.68377497173054,0.980375867899751,36.62395027533486,0.996116336712088,43.07775806331381
18,0.9933110591790415,40.57252896319015,0.9906393619736995,38.45423072432197,0.9804746233709399,36.68882227412035,0.9962048597267843,43.187930922537205
